0E^1^Amadeus PDF 0E<>Amadeus Pdf 0e
0J^1^Premium Jet AG<>Premium Jet Ag
1C^1^EDS Information Business<>Eds Information Business
1D^1^Raddix Solutions<>Raddix Solutions Intl
1E^1^Travelsky Technology<>Travelsky Technology Ltd
1G^1^Travelport Galileo<>Travelport Global Distribution
1K^1^Sutra<>Sutra Inc
1P^1^Travelport Worldspan<>Worldspan
1U^1^ITA Software<>Ita Software
1Y^1^Electronic Data Systems (EDS)<>Electronic Data Systems
1Z^1^Fantasia Info Network<>Fantasia Info Network Lt
2A^1^Deutsche Bahn AG<>Deutsche Bahn Ag
2B^1^AK Bars Aero<>Ak Bars Aero
2B^2^AK Bars Aero<>Ak Bars Aero
2C^1^SNCF<>Sncf
2D^1^Dynamic Air<>Amadeus Pdf 2d
2L^2^2L Helvetic<>2l HELVETIC
2P^2^Airphil Express<>Airphil Exp
2R^1^VIA Rail Canada<>Via Rail Canada Inc
2R^2^VIA Rail<>Via Rail
2Y^1^Amadeus PDF 2Y<>Amadeus Pdf 2y
2Y^2^<>Air Andaman
3G^1^Gambia Bird<>Gambia Bird Airlines Ltd
4L^1^Georgian International Air<>Georgian International Ai
4M^1^LAN Argentina<>Lanargentina
4M^2^LAN argentina<>Lanargentina
4O^1^Interjet<>Abc Aerolineas
4O^2^ABC Aerolineas<>
4Z^2^SA Airlink<>Sa Airlink
5G^1^Fly 540 Ghana<>540 Ghana
5G^2^Skyservice Ghana<>Skyservice
5P^1^PAL Airlines<>Aerolinea Principal Chile
5P^2^Aerolinea Principal Chile<>
5Q^1^BQB Lineas Aereas<>Bqb Lineas Aereas
5Q^2^BQB Lineas<>Bqb Lineas
5T^2^Canadian North<>Canadiannorth
5U^2^LADE<>L A D E
5Y^2^Atlas Air<>Express Rail
6G^1^Sun Air Express<>Sun Air Express Llc
6Q^2^Slovak Arlines<>Slovak Arlns
6S^1^Kato Airlines<>
6Y^1^SmartLynx Airlines<>Smartlynx Airlines
7E^1^Sylt Air<>Sylt Air Gmbh
7L^1^Aero Caribbean<>Aerocaribbean
7N^1^National Airways Ethiopia<>National Airways P L C
7S^1^Ryan Air Services<>Amadeus Pdf 7s
7S^2^Arctic Transportation Services<>Amadeus 7s
7V^2^Federal Airlines<>Federal Airl
8F^1^STP Airways<>Stp Airways
8F^2^STP Airways<>Stp Airways
8H^1^BH Air<>Bh Air
8M^1^Myanmar Airways<>Myanmar Airways Intl
8T^1^Air Tindi<>Air Tindi Ltd
9F^2^Eurostar UK<>Eurostar Uk
9G^1^9G Rail<>9g Rail Ltd
9N^2^Tropic Air<>
9O^1^<>National Airways Cameroon
9O^2^<>Aircameroon
9Q^2^PB Air<>Pb Air
9S^1^Amadeus PDF 9S<>Amadeus Pdf 9s
9S^2^Amadeus 9S<>Amadeus 9s
9Z^1^Amadeus PDF 9Z<>Amadeus Pdf 9z
A1^1^G Switch Works<>G2 Switch Works
A5^1^HOP!<>Hop
A5^2^HOP!<>Airlinair
ACI^1^Air Calin<>Aircalin
ADH^1^Air One<>Airone S P A
ADH^2^Aliadriatica<>Aliadratica
AI^1^Air India<>Air India Limited
AIC^1^Air India<>Air India Limited
AIJ^1^Interjet<>Abc Aerolineas
AIJ^2^ABC Aerolineas<>
AJD^2^GB Airways<>Gb Airways
AJX^1^Air Japan Company<>Air Japan Company Ltd
AK^1^Air Asia<>Airasia Sdn Bhd
AK^2^Air Asia<>Airasia
ALK^1^SriLankan Airlines<>Srilankan Airlines
ALK^2^SriLankan Air<>Srilankan Air
AM^1^AeroMexico<>Aeromexico
AM^2^AeroMexico<>Aeromexico
AMX^1^AeroMexico<>Aeromexico
AMX^2^AeroMexico<>Aeromexico
AN^1^HOP Airlinair<>Hop Airlinair
AN^2^HOP Airlinair<>Hop Airlinair
ANS^1^Andes Lineas Aereas<>Air Nostrum
ANS^2^Andes<>Air Nostrum
AOG^1^<>Aero Vip
AP^1^Air One<>Airone S P A
AP^2^Aliadriatica<>Aliadratica
APD^1^Fantasia Info Network<>Fantasia Info Network Lt
APF^1^Amapola Flyg<>Amapola Flyg Ab
AS^2^Alaska Airlines<>Alaska A L
ASA^2^Alaska Airlines<>Alaska A L
ASN^1^Hevilift<>Hevi Lift Png Pty Ltd
AT^2^Royal Air Maroc<>R Air Maroc
ATA^2^ARC<>Arc
AU^2^Austral LA<>Austral L A
AUT^2^Austral LA<>Austral L A
AWQ^1^Indonesia Air Asia<>Pt Indonesia Airasia
AWQ^2^Indair Asia<>Ptindairasia
AWU^1^Sylt Air<>Sylt Air Gmbh
AXM^1^Air Asia<>Airasia Sdn Bhd
AXM^2^Air Asia<>Airasia
AZ^1^Alitalia<>Alitalia C A I S P A
AZ^2^Alitalia<>Alitalia Spa
AZA^1^Alitalia<>Alitalia C A I S P A
AZA^2^Alitalia<>Alitalia Spa
BA^2^British Airways<>British A W
BAW^2^British Airways<>British A W
BCY^1^CityJet<>Cityjet
BCY^2^CityJet<>Cityjet
BD^1^British Midland<>British Midland International
BD^2^British Midland<>
BEA^1^BQB Lineas Aereas<>Bqb Lineas Aereas
BEA^2^BQB Lineas<>Bqb Lineas
BGH^1^BH Air<>Bh Air
BIH^2^Gamair<>Gamair Ltd
BM^1^bmi regional<>Bmi Regional
BM^2^BMI Regional<>Bmi Regional
BMA^1^British Midland<>British Midland International
BMA^2^British Midland<>
BMR^1^bmi regional<>Bmi Regional
BMR^2^BMI Regional<>Bmi Regional
BO^1^BB Airways<>Bb Airways
BS^2^Gamair<>Gamair Ltd
BVI^1^BVI Airways<>Bvi Airways
BY^1^Thomson Airways<>Thomson Airways Ltd
BZH^1^HOP Brit Air<>Hop Brit Air
BZH^2^HOP Brit Air<>Hop Brit Air
C6^2^Bright Airlines<>Bright Arl
CAI^2^KD Air<>K D Air
CAW^1^Comair<>Comair Ltd
CB^2^<>Scotairways
CC^1^CM Airlines<>Cm Airlines
CES^2^China Eastern Airlines<>China East
CFE^1^BA CityFlyer<>Ba Cityflyer
CIM^1^Cimber AS<>Cimber A S
CJ^1^BA CityFlyer<>Ba Cityflyer
CJA^2^Bright Airlines<>Bright Arl
CL^1^Lufthansa CityLine<>Lufthansa Cityline
CLH^1^Lufthansa CityLine<>Lufthansa Cityline
CM^2^Compania Panamena de Aviacion<>Copa Panamena
CMP^2^Compania Panamena de Aviacion<>Copa Panamena
CR^1^OAG Worldwide<>Oag Worldwide
CRN^1^Aero Caribbean<>Aerocaribbean
CSA^1^Czech Airlines<>Csa Czech Airlines
CSA^2^Czech Airlines<>Czech Airline
CT^1^Alitalia CityLiner<>Alitalia City Liner Spa
CT^2^Air One CityLiner<>Air One Cityl
CV^1^Cargolux Airlines<>Cargolux Airlines International
CXE^2^PB Air<>Pb Air
CYL^1^Alitalia CityLiner<>Alitalia City Liner Spa
CYL^2^Air One CityLiner<>Air One Cityl
D2^1^Severstal Air Company<>Severstal Aircompany
D4^1^Alidaunia<>Alidaunia S R L
D7^1^Air Asia X<>Airasiax Sdn Bhd
D7^2^Air Asia X<>Airasiax
D8^1^Norwegian Air International<>Norwegian Air International Ltd
D9^1^Donavia<>Jsc Donavia
DB^1^HOP Brit Air<>Hop Brit Air
DB^2^HOP Brit Air<>Hop Brit Air
DBB^1^Deutsche Bahn AG<>Deutsche Bahn Ag
DG^1^Tiger Air Philippines<>Tigerair Philippines
DG^2^Tiger Air<>Tigerair
DJ^1^Virgin Australia<>Virgin Australia Airline
DK^1^Thomas Cook Airlines<>Thomas Cook Airlines A S
DNU^1^DOT LT<>Dot Lt
DNV^1^Donavia<>Jsc Donavia
DP^2^Air 2000<>Air 2000 Ltd
DU^1^Norwegian Long Haul Air Shuttle<>Norwegian Long Haul As
EC^1^OpenSkies<>Openskies
EC^2^OpenSkies<>Openskies
EH^1^ANA Wings<>Ana Wings
EXS^1^Jet2<>Jet2 Com
EZ^1^Sun Air of Scandinavia<>Sun Air Of Scandinavia
FDY^1^Sun Air Express<>Sun Air Express Llc
FQ^1^<>Brindabella Airlines
FY^2^NW Regional<>Nw Regional
G3^1^Gol Transportes Aéreos<>Vrg Linhas Aereas S A
G3^2^Gol Linhas Aereas Inteligentes<>Vrg Linhas As
GAP^2^Airphil Express<>Airphil Exp
GBQ^1^Gambia Bird<>Gambia Bird Airlines Ltd
GC^1^<>Gambia Intl Airlines
GC^2^<>Gambia Intl
GH^1^Globus<>Globus Llc
GHA^1^Globus<>Globus Llc
GIL^1^Georgian International Air<>Georgian International Ai
GLO^1^Gol Transportes Aéreos<>Vrg Linhas Aereas S A
GLO^2^Gol Linhas Aereas Inteligentes<>Vrg Linhas As
GNR^1^<>Gambia Intl Airlines
GNR^2^<>Gambia Intl
GT^2^GB Airways<>Gb Airways
GW^1^SkyGreece Airlines<>Skygreece Airlines
GZ^2^Air Rarotonga<>Air Rarotong
HB^1^Asia Atlantic Airlines<>Homer Air
HDA^2^HK Dragon<>Hk Dragon
HE^1^LGW Luftfahrtges Walter<>Lgw Luftfahrtges Walter
HKE^2^HK Express<>Hk Express
HOP^1^HOP!<>Hop
HOP^2^HOP!<>Airlinair
HP^1^Amapola Flyg<>Amapola Flyg Ab
HS^1^Svenska Direktflyg<>Svenska Direktflyg Ab
HSV^1^Svenska Direktflyg<>Svenska Direktflyg Ab
HW^2^North Wright<>North Wrigh
HZ^2^SAT Airlines<>Sat Airlines
I1^1^CTS Viaggi<>Cts Viaggi
I1^2^CTS Viaggi<>Cts Viaggi
I5^1^Air Mali<>Sn Air Mali
I7^1^Indonesia Air Transport<>Pt Indonesia Air Transport
IDA^1^Indonesia Air Transport<>Pt Indonesia Air Transport
IK^1^Kaya Airlines LDA<>Kaya Airlines L D A
IL^1^Trigana Air Service<>Pt Trigana Air Service
IU^1^Hevilift<>Hevi Lift Png Pty Ltd
IW^1^Wings Abadi Airlines<>Pt Wings Abadi Airlines
JA^1^BH Airlines<>B H Airlines
JA^2^BH Airlines<>B H Airlines
JAL^2^JAL<>J A L
JAT^2^JAT<>J A T
JC^1^JAL Express<>Jal Express
JJ^1^TAM Airlines<>Tam Linhas Aereas
JJ^2^TAM Linhas Aereas<>Tam Linh Aer
JK^1^<>Spanair
JK^2^<>Spanair
JKK^1^<>Spanair
JKK^2^<>Spanair
JL^2^JAL<>J A L
JU^2^JAT<>J A T
K4^1^ALS<>Als Ltd
K5^1^SeaPort Airlines<>Seaport Airlines
K5^2^Wings of Alaska<>Wings Alaska
KA^2^HK Dragon<>Hk Dragon
KD^1^Kal Star Aviation<>Pt Kal Star Aviation
KD^2^KD Avia<>Kd Avia
KI^1^Air Contact<>
KL^1^KLM Royal Dutch Airlines<>Klm Royal Dutch Airlines
KL^2^KLM<>Klm
KLC^1^KLM Cityhopper<>Klm Cityhopper
KLC^2^KLM Cityhopper<>Klm Cityhopp
KLM^1^KLM Royal Dutch Airlines<>Klm Royal Dutch Airlines
KLM^2^KLM<>Klm
KNI^1^Kal Star Aviation<>Pt Kal Star Aviation
KNI^2^KD Avia<>Kd Avia
LA^1^LAN Airlines<>Latam Airlines Group S A
LA^2^LATAM Airlines Group<>Lan Chile
LAN^1^LAN Airlines<>Latam Airlines Group S A
LAN^2^LATAM Airlines Group<>Lan Chile
LB^2^LAB<>L A B
LCO^1^LAN Chile Cargo<>Lan Chile Cargo
LID^1^Alidaunia<>Alidaunia S R L
LLP^1^Small Planet Airline<>Small Planet Airline Ghd
LNE^1^LAN Ecuador<>Lanecuador Aerolane Sa
LNE^2^LAN Ecuador<>Lan Ecuador
LO^1^LOT Polish Airlines<>Lot Polish Airlines
LO^2^LOT<>Lot
LOT^1^LOT Polish Airlines<>Lot Polish Airlines
LOT^2^LOT<>Lot
LP^1^LAN Peru<>Lanperu
LP^2^LAN Peru<>Lan Peru
LPE^1^LAN Peru<>Lanperu
LPE^2^LAN Peru<>Lan Peru
LQ^1^Air Guinea<>
LR^1^Avianca Costa Rica<>Lacsa
LR^2^Lacsa<>L A C S A
LRC^1^Avianca Costa Rica<>Lacsa
LRC^2^Lacsa<>L A C S A
LS^1^Jet2<>Jet2 Com
LTC^1^<>Smartlynx Airlines
LU^1^LAN Express<>Lan Express
M2^1^MHS Aviation<>Mhs Aviation
M3^1^North Flying<>North Flying As
M4^2^Nayzak Air<>M4 NAYZAK Air
M8^1^Transnusa Aviation<>Pt Transnusa Aviation
MEP^2^Republic Airline<>Republic Airl
MLA^2^Forty Miles Air<>Forty Miles A
MN^1^Comair<>Comair Ltd
MU^2^China Eastern Airlines<>China East
N7^1^NHT Linhas Aereas<>Nht Linhas Aereas
NAI^1^Norwegian Air International<>Norwegian Air International Ltd
NC^1^Cobham Aviation Services Australia<>National Jet Systems
NC^2^QantasLink<>
NHG^1^NHT Linhas Aereas<>Nht Linhas Aereas
NJ^1^Nordic Global Airlines<>Aero Vip
NJS^1^<>National Jet Systems
NK^2^Spirit Airlines<>Spirit Airlin
NM^1^Manx<>Manx2
NO^1^Neos<>Neos Spa
NQ^1^Air Japan Company<>Air Japan Company Ltd
NW^1^Northwest Airlines<>
NW^2^Nwest Airlines<>Nwest Airli
O2^1^Jet Air<>
OAW^2^2L Helvetic<>2l HELVETIC
OB^2^<>Boliviana
OD^2^Malindo Air<>Malindo Airw
OG^1^<>Air Onix
OG^2^<>N
OK^1^Czech Airlines<>Csa Czech Airlines
OK^2^Czech Airlines<>Czech Airline
OMT^1^CM Airlines<>Cm Airlines
OP^2^Olympic Airlines<>Olympic Airls
P2^1^Air Kenya Express<>Airkenya Express
P6^1^Pascan Aviation<>Pascan Aviation Inc
P7^1^Small Planet Airline<>Small Planet Airline Ghd
PA^1^AirBlue<>Airblue
PCP^1^PAL Airlines<>Aerolinea Principal Chile
PCP^2^Aerolinea Principal Chile<>
PIA^1^Pakistan International Airlines<>Pakistan International
PIA^2^PIA<>P I A
PK^1^Pakistan International Airlines<>Pakistan International
PK^2^PIA<>P I A
PLV^2^Air 2000<>Air 2000 Ltd
PSC^1^Pascan Aviation<>Pascan Aviation Inc
PT^1^West Air Sweden<>
PT^2^West Air Sweden<>West Air Swed
Q5^2^Forty Miles Air<>Forty Miles A
Q7^1^Sky Bahamas Airlines<>Skybahamas Airlines
QI^1^Cimber AS<>Cimber A S
QP^1^Air Kenya Aviation<>Airkenya Aviation
QS^2^Travel Service<>Travelservice
QZ^1^Indonesia Air Asia<>Pt Indonesia Airasia
QZ^2^Indair Asia<>Ptindairasia
R0^1^MS Royal Airlines<>M S Royal Airlines
R6^1^DOT LT<>Dot Lt
R9^1^TAF Linhas Aereas<>Taf Linhas Aereas
RAM^2^Royal Air Maroc<>R Air Maroc
RFR^2^RAF NO<>R A F No1
RLA^1^HOP Airlinair<>Hop Airlinair
RLA^2^HOP Airlinair<>Hop Airlinair
RR^2^RAF NO<>R A F No1
S1^2^LSY<>
S7^1^S7 Airlines<>Siberia Airlines
SA^2^SAA<>S A A
SAA^2^SAA<>S A A
SAW^2^Slovak Arlines<>Slovak Arlns
SB^1^Air Calin<>Aircalin
SBI^1^S7 Airlines<>Siberia Airlines
SBM^1^Sky Bahamas Airlines<>Skybahamas Airlines
SE^1^XL Airways France<>Xl Airways France
SHU^2^SAT Airlines<>Sat Airlines
SIT^1^SITA<>Sita
SIT^2^SITA<>
SJ^1^Sriwijaya Air<>Pt Sriwijaya Air
SJY^1^Sriwijaya Air<>Pt Sriwijaya Air
SKG^1^SkyGreece Airlines<>Skygreece Airlines
SME^2^Nayzak Air<>M4 NAYZAK Air
SMX^1^<>C A I First S P A
SMX^2^<>Cai First Spa
SRQ^1^Tiger Air Philippines<>Tigerair Philippines
SRQ^2^Tiger Air<>Tigerair
STP^1^STP Airways<>Stp Airways
STP^2^STP Airways<>Stp Airways
SUS^1^Sun Air of Scandinavia<>Sun Air Of Scandinavia
SWA^1^Southwest Airlines<>Southwest Airlines Texas
SWA^2^SW Airlines<>Sw Airlines
SWG^1^Sunwing Airlines<>Sunwing Airlines Inc
SWG^2^Sunwing Airlines<>Sunwing Airl
T0^1^TACA Peru<>Taca Peru
T0^2^TACA Peru<>Taca Peru
TA^1^TACA International Airlines<>Taca International Airlines
TA^2^TACA<>Taca
TAI^1^TACA International Airlines<>Taca International Airlines
TAI^2^TACA<>Taca
TAM^1^TAM Airlines<>Tam Linhas Aereas
TAM^2^TAM Linhas Aereas<>Tam Linh Aer
TAP^1^TAP Portugal<>Tap Portugal
TAP^2^TAP Portugal<>Tap Portugal
TAX^1^Thai Air Asia X<>Thai Airasia X Company
TCV^2^TACV<>T A C V
TGU^2^LADE<>L A D E
TOM^1^Thomson Airways<>Thomson Airways Ltd
TP^1^TAP Portugal<>Tap Portugal
TP^2^TAP Portugal<>Tap Portugal
TPC^2^Air Caledonie<>Aircaledoni
TSD^1^TAF Linhas Aereas<>Taf Linhas Aereas
TVS^2^Travel Service<>Travelservice
TY^2^Air Caledonie<>Aircaledoni
U5^2^USA 3000<>Usa 3000
UB^1^UTD Myanmar<>
UB^2^UTD Myanmar<>Utd Myanmar
UC^1^LAN Chile Cargo<>Lan Chile Cargo
UH^1^AtlasJet Ukraine<>Atlasjet Ukraine
UH^2^US Helicopter<>Us Helicopter
UJX^1^AtlasJet Ukraine<>Atlasjet Ukraine
UJX^2^US Helicopter<>Us Helicopter
UL^1^SriLankan Airlines<>Srilankan Airlines
UL^2^SriLankan Air<>Srilankan Air
UO^2^HK Express<>Hk Express
US^1^US Airways<>Us Airways
US^2^US Airways<>Us Airways
USA^1^US Airways<>Us Airways
USA^2^US Airways<>Us Airways
V1^1^IBS Software Services Americas<>Ibs Software Services Americas
VA^1^Virgin Australia International<>Virgin Australia Intl
VAU^1^Virgin Australia International<>Virgin Australia Intl
VE^1^<>C A I Second S P A
VE^2^<>C A I Second
VG^1^VLM<>Vlm
VIM^1^Air Via<>Air Via Ltd
VKG^1^Thomas Cook Airlines<>Thomas Cook Airlines A S
VL^1^Air Via<>Air Via Ltd
VLE^1^<>C A I Second S P A
VLE^2^<>C A I Second
VM^1^Macair Jet<>Macair Jet S A
VOZ^1^Virgin Australia<>Virgin Australia Airline
VR^2^TACV<>T A C V
VRD^2^Virgin USA<>Virgin Usa
VRR^1^VIA Rail Canada<>Via Rail Canada Inc
VRR^2^VIA Rail<>Via Rail
VX^2^Virgin USA<>Virgin Usa
W1^1^WorldTicket<>World Ticket Ltd
W4^1^LC Busre<>Lc Busre
WA^1^KLM Cityhopper<>Klm Cityhopper
WA^2^KLM Cityhopper<>Klm Cityhopp
WAU^1^Wizz Air Ukraine<>Wizz Air Ukraine Llc
WG^1^Sunwing Airlines<>Sunwing Airlines Inc
WG^2^Sunwing Airlines<>Sunwing Airl
WI^1^White Airways<>White Airways S A
WN^1^Southwest Airlines<>Southwest Airlines Texas
WN^2^SW Airlines<>Sw Airlines
WSP^1^Travelport Worldspan<>Worldspan
WU^1^Wizz Air Ukraine<>Wizz Air Ukraine Llc
WX^1^CityJet<>Cityjet
WX^2^CityJet<>Cityjet
X5^1^Uld Logistics<>Uld Logistics Llc
X6^2^ARC<>Arc
XAK^1^Air Kenya Express<>Airkenya Express
XAX^1^Air Asia X<>Airasiax Sdn Bhd
XAX^2^Air Asia X<>Airasiax
XB^1^IATA<>Iata
XB^2^IATA<>Iata
XC^2^KD Air<>K D Air
XG^1^Sun Express Germany<>Sunexpress Germany
XJ^1^Thai Air Asia X<>Thai Airasia X Company
XL^1^LAN Ecuador<>Lanecuador Aerolane Sa
XL^2^LAN Ecuador<>Lan Ecuador
XLF^1^XL Airways France<>Xl Airways France
XM^1^<>C A I First S P A
XM^2^<>Cai First Spa
XR^1^Virgin Australia Regional<>Virgin Australia Regional Airl
XS^1^SITA<>Sita
XS^2^SITA<>
XV^1^BVI Airways<>Bvi Airways
XYS^1^Amadeus PDF 0E<>Amadeus Pdf 0e
XYW^1^Amadeus PDF 7S<>Amadeus Pdf 7s
XYW^2^Amadeus 7S<>Amadeus 7s
XYX^1^Amadeus PDF 9S<>Amadeus Pdf 9s
XYX^2^Amadeus 9S<>Amadeus 9s
YS^1^HOP Regional<>Hop Regional
YS^2^HOP Regional<>Hop Regional
YX^2^Republic Airline<>Republic Airl
YZ^1^<>Flywell Airlines
Z3^1^PM Air<>Pm Air Llc
Z5^1^GMG Airlines<>Gmg Airlines
Z5^2^GMG Airlines<>Gmg Airlines
Z8^1^Amaszonas SA<>Amaszonas S A
ZA^1^Sky Wings Asia Airlines<>Skywings Asia Airlines
ZS^1^Kazaviaspas<>Jsc Kazaviaspas
